"","x"
"1",94.8683333333333
"2",95.0483333333333
"3",95.46
"4",95.779
"5",95.386
"6",64.056
"7",91.3083333333333
"8",94.743
"9",95.407
"10",88.768
"11",88.8073333333334
"12",90.5906666666667
"13",82.1776666666667
"14",88.7933333333333
"15",93.5356666666667
"16",91.4136666666666
"17",86.128
"18",72.0943333333333
"19",81.7566666666666
"20",-1.02318153949454e-13
"21",94.686
"22",89.9313333333334
"23",92.4336666666667
"24",86.1533333333333
"25",90.843
"26",81.5523333333333
"27",94.0436666666667
"28",95.6543333333333
"29",80.7723333333333
"30",-6.82121026329696e-14
"31",95.9233333333333
"32",95.3836666666667
"33",92.6743333333333
"34",87.3703333333333
"35",75.3813333333333
"36",93.2666666666667
"37",86.1973333333333
"38",92.887
"39",89.7663333333333
"40",82.9713333333333
"41",96.4736666666667
"42",83.952
"43",94.5263333333333
"44",91.991
"45",92.2493333333333
"46",98.136
"47",75.4053333333333
"48",86.3333333333333
"49",95.8906666666667
"50",80.8406666666667
"51",92.244
"52",79.574
"53",94.8476666666667
"54",93.5726666666667
"55",85.137
"56",68.8146666666667
"57",87.4763333333333
"58",88.698
"59",81.0476666666667
"60",98.0863333333333
"61",90.598
"62",83.519
"63",89.031
"64",89.998
"65",96.9763333333333
"66",93.7516666666667
"67",82.482
"68",85.1353333333333
"69",97.8976666666667
"70",79.3653333333334
"71",94.9006666666667
"72",95.4496666666667
"73",92.917
"74",87.4063333333333
"75",89.7713333333333
"76",85.423
"77",96.9433333333333
"78",75.4566666666667
"79",85.715
"80",64.3606666666667
"81",87.8596666666667
"82",95.0866666666667
"83",95.563
"84",91.381
"85",84.217
"86",96.892
"87",81.682
"88",82.8213333333334
"89",97.394
"90",94.9806666666667
"91",-9.35074240260292e-14
"92",69.7366666666667
"93",96.7176666666667
"94",94.9273333333333
"95",89.734
"96",95.689
"97",85.234
"98",96.0713333333333
"99",96.824
"100",81.415
"101",88.441
"102",90.944
"103",85.3236666666667
"104",88.889
"105",91.7143333333333
"106",93.361
"107",80.976
"108",90.394
"109",96.1843333333333
"110",83.2233333333333
"111",89.379
"112",89.8876666666667
"113",88.7376666666667
"114",82.6243333333333
"115",0.0199999999999031
"116",90.845
"117",95.3556666666667
"118",87.386
"119",91.4246666666666
"120",63.7636666666667
"121",87.4516666666667
"122",91.4603333333333
"123",98.3713333333333
"124",88.904
"125",-9.86233317235019e-14
"126",94.789
"127",62.76
"128",87.743
"129",94.7423333333333
"130",83.451
"131",60.69
"132",86.1243333333333
"133",94.242
"134",68.4036666666667
"135",77.068
"136",85.7303333333333
"137",75.1976666666667
"138",81.255
"139",62.691
"140",88.8436666666666
"141",80.9416666666666
"142",89.5826666666667
"143",85.844
"144",61.9696666666667
"145",92.069
"146",83.2103333333333
"147",85.2066666666667
"148",98.31
"149",90.1226666666667
"150",89.295
"151",76.5993333333333
"152",88.9756666666667
"153",88.5696666666667
"154",96.8736666666667
"155",67.2016666666667
"156",89.562
"157",80.5626666666667
"158",66.537
"159",89.6016666666667
"160",90.1673333333333
"161",95.746
"162",85.026
"163",71.7396666666667
"164",77.2656666666667
"165",79.3293333333333
"166",91.8603333333333
"167",70.1336666666667
"168",89.4716666666667
"169",81.438
"170",91.802
"171",94.415
"172",58.7313333333333
"173",95.8653333333334
"174",89.546
"175",93.6873333333333
"176",90.0696666666667
"177",71.9853333333333
"178",-9.2086338554509e-14
"179",94.1943333333333
"180",78.0473333333333
"181",74.4196666666667
"182",87.007
"183",96.075
"184",88.502
"185",94.9686666666667
"186",82.1643333333333
"187",81.9126666666667
"188",82.272
"189",89.5746666666667
"190",74.968
"191",90.0513333333333
"192",94.6916666666667
"193",56.6053333333333
"194",90.8166666666666
"195",95.1456666666667
"196",93.117
"197",77.1536666666667
"198",97.2563333333333
"199",93.368
"200",62.4133333333333
"201",97.0473333333333
"202",92.665
"203",72.9766666666667
"204",93.361
"205",91.0523333333333
"206",86.0093333333334
"207",92.437
"208",92.1383333333333
"209",89.6366666666667
"210",76.1606666666667
"211",60.53
"212",94.8753333333333
"213",83.475
"214",85.738
"215",83.1313333333333
"216",95.8386666666667
"217",93.9373333333333
"218",81.1633333333333
"219",88.6966666666667
"220",78.4316666666667
"221",91.4826666666667
"222",93.3726666666667
"223",94.266
"224",77.4533333333333
"225",90.4366666666667
"226",81.1686666666667
"227",85.9206666666667
"228",97.8453333333333
"229",82.3183333333333
"230",72.743
"231",80.107
"232",87.961
"233",83.2893333333333
"234",96.2343333333333
"235",95.5993333333333
"236",97.7033333333333
"237",90.747
"238",85.5253333333333
"239",95.3736666666667
"240",82.216
"241",92.662
"242",78.1983333333333
"243",-1.09139364212751e-13
"244",76.8266666666667
"245",85.6293333333333
"246",85.0123333333333
"247",88.0556666666667
"248",68.505
"249",-8.75388650456443e-14
"250",83.373
"251",94.747
"252",92.9563333333333
"253",61.5876666666667
"254",92.0153333333333
"255",95.5316666666667
"256",77.7566666666667
"257",86.9756666666667
"258",83.7023333333333
"259",89.7966666666667
"260",95.3723333333333
"261",79.1903333333333
"262",98.0083333333333
"263",0.0399999999999042
"264",87.1596666666667
"265",87.6366666666667
"266",-9.80548975348938e-14
"267",85.327
"268",90.2906666666667
"269",83.769
"270",85.527
"271",76.0876666666667
"272",69.8366666666667
"273",73.8056666666667
"274",83.0606666666667
"275",96.049
"276",95.0313333333333
"277",88.276
"278",71.5633333333333
"279",75.9226666666667
"280",93.493
"281",95.4343333333333
"282",97.7796666666667
"283",79.8416666666667
"284",93.7513333333333
"285",92.466
"286",94.284
"287",0.254666666666639
"288",92.011
"289",74.802
"290",73.4506666666667
"291",95.639
"292",97.6966666666667
"293",84.4353333333333
"294",97.316
"295",89.4636666666667
"296",95.6086666666667
"297",81.0696666666667
"298",87.6766666666667
"299",94.898
"300",70.4773333333333
"301",93.413
"302",80.4433333333333
"303",93.06
"304",81.2016666666667
"305",88.7673333333333
"306",94.8753333333333
"307",70.2726666666667
"308",59.4
"309",97.018
"310",82.123
"311",81.2323333333333
"312",87.258
"313",91.2086666666667
"314",92.1746666666667
"315",87.5653333333333
"316",89.3726666666667
"317",93.857
"318",90.3163333333333
"319",84.2606666666667
"320",85.344
"321",77.8013333333333
"322",85.6853333333333
"323",89.4316666666666
"324",91.593
"325",91.6646666666667
"326",84.8523333333333
"327",89.018
"328",98.647
"329",90.9293333333333
"330",97.204
"331",94.565
"332",92.2973333333333
"333",90.624
"334",84.6793333333333
"335",70.631
"336",87.274
"337",85.286
"338",93.2843333333333
"339",89.471
"340",88.0056666666667
"341",89.1283333333333
"342",94.037
"343",92.1046666666667
"344",91.64
"345",91.873
"346",69.4446666666667
"347",78.7103333333334
"348",69.92
"349",91.957
"350",86.4516666666667
"351",85.331
"352",86.7313333333333
"353",84.3753333333334
"354",86.807
"355",62.1666666666667
"356",97.3346666666667
"357",89.0753333333333
"358",90.119
"359",92.9996666666667
"360",85.783
"361",87.2326666666667
"362",87.402
"363",77.2513333333333
"364",-1.04307673609583e-13
"365",88.957
"366",86.114
"367",90.4306666666667
"368",89.597
"369",83.142
"370",92.6096666666667
"371",95.6806666666667
"372",96.5123333333334
"373",89.1743333333333
"374",83.8203333333334
"375",82.2926666666667
"376",86.688
"377",68.2966666666667
"378",66.2586666666667
"379",86.3003333333333
"380",85.972
"381",76.96
"382",93.9833333333333
"383",-7.84439180279151e-14
"384",87.7346666666667
"385",87.4676666666667
"386",98.064
"387",97.44
"388",72.9206666666667
"389",94.1003333333333
"390",80.7863333333333
"391",90.9016666666666
"392",97.1033333333334
"393",88.5443333333333
"394",88.8196666666667
"395",86.5383333333333
"396",97.701
"397",91.5846666666666
"398",80.3146666666667
"399",93.0303333333333
"400",12.1399999999999
"401",95.5643333333333
"402",90.111
"403",77.46
"404",66.439
"405",0.0899999999999491
"406",97.877
"407",93.03
"408",-1.0061285138363e-13
"409",96.0926666666667
"410",86.8613333333333
"411",95.3226666666667
"412",94.5416666666667
"413",90.7993333333333
"414",76.9436666666667
"415",87.6963333333333
"416",80.0806666666667
"417",92.4683333333333
"418",83.7613333333333
"419",89.8103333333333
"420",71.565
"421",97.4816666666667
"422",87.7183333333333
"423",90.56
"424",81.4806666666667
"425",93.0373333333333
"426",80.1833333333333
"427",90.4923333333333
"428",90.1636666666667
"429",85.816
"430",92.075
"431",88.4816666666667
"432",87.3366666666667
"433",76.5266666666667
"434",90.9063333333333
"435",97.7486666666667
"436",88.8856666666667
"437",85.0766666666666
"438",98.0316666666667
"439",86.787
"440",77.5323333333333
"441",94.1866666666667
"442",80.1846666666667
"443",75.041
"444",88.0486666666667
"445",89.8433333333333
"446",83.917
"447",82.1013333333333
"448",70.868
"449",88.8266666666667
"450",77.2876666666667
"451",93.191
"452",94.902
"453",73.172
"454",66.395
"455",86.7353333333333
"456",0.0289999999999372
"457",85.5646666666667
"458",67.753
"459",90.462
"460",86.139
"461",97.7586666666667
"462",95.3853333333333
"463",88.1426666666667
"464",81.7606666666667
"465",87.3073333333333
"466",82.7633333333333
"467",95.9076666666666
"468",79.7633333333333
"469",83.7493333333333
"470",97.1466666666667
"471",89.793
"472",95.5716666666667
"473",92.361
"474",94.04
"475",82.2026666666667
"476",90.7186666666667
"477",77.891
"478",84.6276666666667
"479",92.7566666666667
"480",81.1043333333333
"481",79.4503333333333
"482",73.671
"483",90.1306666666667
"484",87.0793333333333
"485",78.9043333333333
"486",87.928
"487",92.8643333333333
"488",92.414
"489",76.74
"490",92.8393333333333
"491",90.0163333333333
"492",93.7383333333333
"493",88.1723333333333
"494",97.291
"495",98.0296666666667
"496",91.0603333333333
"497",92.7133333333333
"498",95.864
"499",-8.4980911196908e-14
"500",97.98
"501",89.168
"502",89.8856666666667
"503",88.795
"504",91.243
"505",79.3176666666667
"506",90.1603333333333
"507",90.994
"508",92.158
"509",97.6906666666667
"510",86.207
"511",90.7553333333333
"512",71.3376666666666
"513",97.924
"514",98.7383333333333
"515",94.7863333333333
"516",79.7403333333333
"517",86.8033333333333
"518",76.957
"519",91.739
"520",88.5523333333334
"521",91.5636666666666
"522",87.095
"523",79.6066666666667
"524",87.919
"525",87.895
"526",78.6696666666667
"527",89.9483333333334
"528",79.364
"529",76.7243333333333
"530",95.1473333333333
"531",86.7646666666667
"532",88.3813333333333
"533",78.0526666666667
"534",90.3146666666667
"535",97.7506666666667
"536",87.5183333333333
"537",96.7203333333333
"538",84.4076666666667
"539",79.5566666666667
"540",70.9463333333333
"541",81.623
"542",86.9786666666667
"543",97.397
"544",87.219
"545",87.7906666666667
"546",86.2903333333333
"547",82.3183333333333
"548",87.666
"549",96.611
"550",69.128
"551",69.637
"552",91.4716666666667
"553",-9.66338120633736e-14
"554",93.4976666666667
"555",86.775
"556",89.464
"557",82.4203333333333
"558",61.7043333333333
"559",77.2376666666667
"560",91.5026666666667
"561",78.1836666666667
"562",93.4543333333333
"563",94.5233333333333
"564",82.41
"565",89.2636666666667
"566",95.8076666666667
"567",93.913
"568",81.9293333333333
"569",81.23
"570",82.0363333333333
"571",95.5573333333333
"572",87.4776666666667
"573",57.682
"574",82.4966666666666
"575",93.0843333333333
"576",-1.06865627458319e-13
"577",75.9793333333333
"578",70.6196666666667
"579",91.3966666666667
"580",87.6716666666667
"581",93.3493333333333
"582",78.1583333333333
"583",85.3283333333333
"584",93.8243333333333
"585",93.4966666666667
"586",82.6283333333333
"587",92.136
"588",84.9826666666667
"589",81.2916666666667
"590",78.9156666666667
"591",83.629
"592",64.1566666666667
"593",63.4643333333333
"594",83.7083333333333
"595",92.754
"596",79.0393333333333
"597",91.8433333333334
"598",-1.02886588138063e-13
"599",88.7863333333333
"600",69.175
"601",91.9633333333333
"602",84.405
"603",83.493
"604",89.793
"605",92.787
"606",66.2283333333333
"607",95.755
"608",73.6296666666667
"609",88.0993333333333
"610",94.7463333333333
"611",72.3096666666667
"612",93.0743333333333
"613",89.4083333333333
"614",92.6186666666667
"615",81.5136666666667
"616",92.5723333333333
"617",93.7433333333333
"618",96.278
"619",73.9093333333333
"620",80.2996666666667
"621",81.6743333333333
"622",89.1393333333333
"623",92.3643333333333
"624",75.6836666666667
"625",91.41
"626",86.9363333333334
"627",89.6593333333333
"628",90.0236666666667
"629",84.061
"630",97.808
"631",89.8966666666667
"632",85.833
"633",87.0096666666666
"634",60.7006666666667
"635",85.9986666666667
"636",89.1693333333333
"637",88.4516666666667
"638",0.063999999999925
"639",87.5046666666667
"640",92.8223333333333
"641",89.0433333333333
"642",85.94
"643",86.7846666666667
"644",91.3923333333333
"645",-1.06297193269711e-13
"646",92.9566666666667
"647",97.2376666666667
"648",85.1233333333333
"649",72.663
"650",85.4153333333334
"651",72.3416666666667
"652",96.7456666666667
"653",94.7863333333333
"654",82.509
"655",79.7086666666667
"656",77.5406666666667
"657",97.196
"658",88.5003333333333
"659",93.597
"660",89.047
"661",85.6093333333333
"662",87.825
"663",81.5006666666667
"664",89.508
"665",0.0199999999999221
"666",92.9863333333333
"667",72.0136666666667
"668",97.1813333333333
"669",98.1983333333333
"670",95.1186666666667
"671",85.544
"672",84.427
"673",78.4046666666667
"674",97.6323333333333
"675",83.3143333333334
"676",78.6356666666667
"677",91.6533333333333
"678",1.95199999999994
"679",97.8586666666667
"680",90.198
"681",79.2266666666666
"682",97.3303333333333
"683",91.5976666666667
"684",88.6116666666667
"685",92.575
"686",88.629
"687",92.6366666666667
"688",84.7926666666667
"689",61.1823333333333
"690",88.713
"691",81.1603333333333
"692",91.3463333333333
"693",93.3146666666667
"694",82.7983333333334
"695",81.2363333333333
"696",74.1316666666667
"697",83.977
"698",72.037
"699",80.74
"700",80.8246666666667
"701",90.4116666666667
"702",89.1466666666667
"703",98.351
"704",89.073
"705",82.2543333333333
"706",97.9033333333333
"707",69.975
"708",93.2976666666667
"709",95.0166666666667
"710",91.518
"711",90.2153333333333
"712",85.0463333333333
"713",91.1923333333333
"714",92.8503333333333
"715",62.5436666666667
"716",89.6593333333334
"717",84.1526666666667
"718",87.9016666666667
"719",78.2416666666667
"720",97.9126666666667
"721",97.053
"722",87.2173333333333
"723",69.9726666666667
"724",93.233
"725",94.7913333333333
"726",90.1013333333333
"727",90.5836666666667
"728",97.5223333333333
"729",74.6446666666667
"730",92.485
"731",86.6886666666667
"732",91.474
"733",95.7616666666667
"734",97.478
"735",92.085
"736",81.5006666666667
"737",78.382
"738",88.331
"739",87.0086666666667
"740",97.8106666666667
"741",84.7083333333333
"742",86.4413333333333
"743",61.5383333333333
"744",84.6803333333333
"745",91.0586666666667
"746",80.0293333333333
"747",91.774
"748",83.833
"749",86.3476666666667
"750",91.5556666666667
"751",95.9656666666667
"752",97.556
"753",78.7116666666667
"754",94.6163333333333
"755",87.1326666666667
"756",85.506
"757",89.7723333333333
"758",91.32
"759",83.6366666666667
"760",91.0286666666667
"761",73.127
"762",94.5253333333334
"763",90.479
"764",93.858
"765",81.1306666666667
"766",89.3186666666667
"767",84.873
"768",86.0346666666667
"769",91.29
"770",87.271
"771",88.96
"772",-8.86757334228605e-14
"773",96.1036666666667
"774",0.0839999999999208
"775",90.4156666666667
"776",79.5063333333333
"777",64.755
"778",-7.75912667450029e-14
"779",97.8236666666667
"780",91.823
"781",1.89999999999991
"782",87.4196666666667
"783",81.74
"784",89.344
"785",88.1313333333333
"786",97.9346666666667
"787",81.2763333333333
"788",81.3526666666667
"789",71.521
"790",92.7656666666667
"791",84.155
"792",97.198
"793",81.277
"794",89.9613333333334
"795",90.295
"796",86.878
"797",66.3226666666666
"798",93.6896666666667
"799",93.8
"800",81.8733333333333
"801",86.5596666666667
"802",0.0479999999999288
"803",66.7613333333333
"804",96.834
"805",91.6966666666667
"806",85.549
"807",97.5773333333333
"808",92.022
"809",85.6623333333333
"810",71.7906666666667
"811",94.225
"812",85.1506666666667
"813",91.8433333333334
"814",96.563
"815",91.196
"816",91.8413333333334
"817",92.0656666666667
"818",96.4253333333333
"819",92.8966666666667
"820",71.8346666666667
"821",91.3076666666667
"822",68.1613333333333
"823",94.086
"824",86.391
"825",91.2646666666667
"826",89.3816666666667
"827",73.6116666666667
"828",91.729
"829",86.9836666666667
"830",86.233
"831",85.8546666666667
"832",92.063
"833",91.3583333333333
"834",91.0443333333333
"835",81.532
"836",95.9923333333333
"837",90.2356666666667
"838",89.6996666666667
"839",81.978
"840",88.6883333333333
"841",84.7016666666667
"842",93.8183333333333
"843",84.6026666666667
"844",98.0206666666667
"845",93.721
"846",97.454
"847",90.9143333333333
"848",80.747
"849",94.6893333333333
"850",75.7716666666667
"851",88.343
"852",81.8826666666667
"853",88.784
"854",79.1523333333333
"855",89.041
"856",81.0903333333333
"857",76.8613333333333
"858",95.792
"859",74.4736666666667
"860",88.2133333333333
"861",85.994
"862",91.0133333333333
"863",77.4423333333333
"864",88.6233333333334
"865",79.7593333333333
"866",74.8416666666667
"867",86.8983333333334
"868",85.862
"869",93.2126666666667
"870",92.3466666666667
"871",89.4526666666667
"872",72.096
"873",-7.61701812734827e-14
"874",88.764
"875",81.5243333333333
"876",78.372
"877",93.8273333333333
"878",95.5386666666667
"879",96.7443333333333
"880",63.5176666666667
"881",85.9983333333333
"882",65.5723333333333
"883",95.9303333333333
"884",90.924
"885",91.1753333333333
"886",94.2023333333333
"887",68.7383333333333
"888",97.8583333333333
"889",87.7823333333333
"890",79.0843333333333
"891",91.8233333333333
"892",89.1096666666667
"893",93.4223333333333
"894",93.534
"895",80.6483333333334
"896",95.5703333333334
"897",97.3316666666667
"898",91.4103333333333
"899",86.8516666666667
"900",92.4293333333333
"901",91.2303333333333
"902",92.3853333333333
"903",78.31
"904",90.7996666666667
"905",96.3156666666667
"906",61.926
"907",85.5976666666667
"908",79.7803333333333
"909",91.683
"910",87.021
"911",88.6063333333333
"912",92.532
"913",94.5406666666667
"914",95.445
"915",85.9663333333333
"916",82.0213333333333
"917",91.851
"918",93.0126666666667
"919",90.75
"920",95.5903333333333
"921",71.918
"922",96.777
"923",90.7163333333333
"924",75.265
"925",82.3463333333333
"926",84.5643333333333
"927",66.0506666666667
"928",91.711
"929",96.5166666666667
"930",93.686
"931",84.3513333333333
"932",88.8146666666667
"933",92.4523333333333
"934",71.795
"935",86.5383333333333
"936",93.6986666666667
"937",94.3036666666667
"938",93.8433333333333
"939",94.6693333333333
"940",76.1576666666667
"941",94.5123333333333
"942",78.794
"943",98.4163333333334
"944",88.4363333333333
"945",72.158
"946",87.99
"947",96.9556666666667
"948",97.8763333333333
"949",93.675
"950",91.9916666666667
"951",81.681
"952",90.552
"953",58.0026666666667
"954",91.7806666666667
"955",86.786
"956",76.9876666666667
"957",85.697
"958",92.536
"959",95.4826666666667
"960",89.1213333333333
"961",94.1066666666667
"962",90.76
"963",77.9453333333333
"964",96.2916666666667
"965",88.6993333333333
"966",95.2486666666667
"967",95.598
"968",0.0519999999999266
"969",86.812
"970",75.6263333333333
"971",84.9403333333333
"972",59.4436666666667
"973",93.837
"974",91.0776666666667
"975",93.6826666666667
"976",86.8073333333333
"977",94.0243333333333
"978",92.8733333333333
"979",93.2206666666667
"980",91.7966666666667
"981",-6.13908923696727e-14
"982",88.903
"983",93.5446666666667
"984",95.483
"985",78.027
"986",82.4446666666666
"987",88.819
"988",80.506
"989",93.8076666666667
"990",81.5663333333333
"991",97.353
"992",95.098
"993",93.0216666666667
"994",87.3136666666667
"995",97.757
"996",79.8626666666667
"997",90.5113333333333
"998",88.336
"999",82.8053333333333
"1000",85.551
"1001",93.5596666666667
"1002",89.217
"1003",81.357
"1004",88.2983333333333
"1005",94.9416666666667
"1006",76.5533333333333
"1007",74.924
"1008",85.131
"1009",98.0823333333333
"1010",92.4416666666666
"1011",82.1523333333333
"1012",88.233
"1013",90.899
"1014",92.2873333333333
"1015",91.1156666666667
"1016",91.8373333333333
"1017",88.1786666666666
"1018",96.3573333333333
"1019",94.907
"1020",81.4993333333333
"1021",86.1946666666667
"1022",74.2996666666667
"1023",78.6196666666667
"1024",76.829
"1025",97.624
"1026",93.5073333333333
"1027",96.506
"1028",90.5436666666667
"1029",78.473
"1030",68.743
"1031",96.9003333333333
"1032",0.569333333333332
"1033",93.0416666666667
"1034",96.3493333333333
"1035",96.7393333333333
"1036",90.4893333333333
"1037",94.5776666666667
"1038",97.2233333333333
"1039",85.2803333333333
"1040",91.4863333333333
"1041",81.5706666666667
"1042",91.1846666666667
"1043",87.6313333333333
"1044",97.6753333333333
"1045",87.0193333333333
"1046",82.9723333333333
"1047",79.0616666666667
"1048",76.2036666666667
"1049",93.9883333333333
"1050",90.4033333333333
"1051",87.2573333333333
"1052",80.8096666666667
"1053",88.136
"1054",76.2823333333333
"1055",0.0856666666666385
"1056",97.8736666666667
"1057",0.00666666666659552
"1058",86.9963333333333
"1059",78.8853333333333
"1060",87.0103333333333
"1061",94.7123333333333
"1062",94.4173333333333
"1063",95.2216666666667
"1064",97.1546666666667
"1065",76.057
"1066",86.207
"1067",87.8416666666667
"1068",95.4713333333333
"1069",77.0036666666667
"1070",88.322
"1071",54.4276666666667
"1072",-1.04307673609583e-13
"1073",97.1663333333333
"1074",91.0963333333333
"1075",92.102
"1076",90.198
"1077",93.2123333333333
"1078",76.822
"1079",91.8906666666667
"1080",89.588
"1081",84.476
"1082",86.6586666666667
"1083",87.606
"1084",91.6343333333333
"1085",89.8653333333334
"1086",90.771
"1087",96.6986666666667
"1088",92.5086666666667
"1089",95.7953333333333
"1090",89.1013333333333
"1091",86.3553333333333
"1092",85.2456666666667
"1093",92.656
"1094",97.0716666666667
"1095",79.4336666666667
"1096",86.836
"1097",77.4756666666667
"1098",79.2046666666667
"1099",90.98
"1100",80.7713333333333
"1101",91.4743333333333
"1102",96.71
"1103",86.0503333333333
"1104",97.286
"1105",92.5226666666667
"1106",85.9296666666667
"1107",95.8393333333334
"1108",79.895
"1109",-8.66862137627322e-14
"1110",80.1393333333333
"1111",83.1733333333333
"1112",92.7736666666667
"1113",95.556
"1114",96.627
"1115",56.219
"1116",76.59
"1117",93.246
"1118",75.0053333333333
"1119",95.9506666666667
"1120",91.268
"1121",97.6173333333333
"1122",88.9583333333333
"1123",88.8273333333333
"1124",0.196999999999973
"1125",83.212
"1126",81.8906666666667
"1127",79.631
"1128",87.282
"1129",89.5163333333333
"1130",84.6686666666667
"1131",0.0749999999999352
"1132",81.65
"1133",82.2993333333333
"1134",88.2033333333333
"1135",74.6336666666667
"1136",94.4303333333333
"1137",95.185
"1138",88.978
"1139",88.7656666666667
"1140",90.968
"1141",89.9513333333333
"1142",78.4653333333333
"1143",92.0333333333333
"1144",95.48
"1145",87.0896666666667
"1146",91.701
"1147",58.1276666666667
"1148",87.5846666666667
"1149",95.224
"1150",84.1643333333333
"1151",73.0676666666667
"1152",90.0583333333333
"1153",82.2273333333333
"1154",89.4423333333333
"1155",92.4956666666667
"1156",81.5913333333333
"1157",79.859
"1158",76.0933333333333
"1159",93.5836666666667
"1160",95.2296666666667
"1161",97.4746666666667
"1162",80.9523333333333
"1163",96.93
"1164",89.4633333333334
"1165",97.603
"1166",95.3456666666667
"1167",87.0193333333333
"1168",57.993
"1169",59.9776666666667
"1170",97.0703333333333
"1171",79.1426666666667
"1172",85.3776666666667
"1173",87.7946666666667
"1174",69.085
"1175",75.34
"1176",92.4506666666667
"1177",92.7913333333334
"1178",93.7486666666667
"1179",91.821
"1180",88.709
"1181",87.331
"1182",90.5533333333333
"1183",97.86
"1184",77.924
"1185",60.3143333333333
"1186",65.2236666666667
"1187",87.4693333333333
"1188",72.1396666666667
"1189",87.886
"1190",63.9883333333333
"1191",68.5673333333333
"1192",89.6726666666667
"1193",85.1666666666667
"1194",81.3226666666667
"1195",88.8043333333333
"1196",92.2326666666667
"1197",88.2123333333333
"1198",87.927
"1199",97.85
"1200",77.0986666666667
"1201",84.9963333333333
"1202",94.151
"1203",88.1516666666667
"1204",92.3643333333333
"1205",72.896
"1206",81.7076666666667
"1207",82.392
"1208",86.5436666666667
"1209",76.9606666666667
"1210",97.1183333333333
"1211",93.74
"1212",0.580999999999967
"1213",85.5426666666666
"1214",85.0646666666667
"1215",86.9603333333333
"1216",96.534
"1217",90.1846666666667
"1218",94.81
"1219",92.48
"1220",69.0023333333333
"1221",97.6413333333333
"1222",85.1026666666667
"1223",83.5416666666667
"1224",88.0653333333333
"1225",88.533
"1226",86.5413333333333
"1227",85.769
"1228",90.4733333333333
"1229",90.1543333333333
"1230",77.001
"1231",96.2513333333333
"1232",96.227
"1233",92.7323333333333
"1234",86.0606666666667
"1235",86.8963333333333
"1236",83.595
"1237",90.0883333333333
"1238",82.011
"1239",78.1243333333333
"1240",79.0023333333333
"1241",97.7716666666667
"1242",84.3586666666667
"1243",94.198
"1244",85.2653333333333
"1245",91.959
"1246",89.3336666666666
"1247",85.8983333333333
"1248",87.3723333333333
"1249",76.7846666666667
"1250",95.6746666666667
"1251",96.9613333333333
"1252",93.5773333333333
"1253",89.0323333333334
"1254",82.0216666666667
"1255",86.979
"1256",73.2143333333333
"1257",76.25
"1258",89.0553333333333
"1259",94.6226666666667
"1260",97.2453333333333
"1261",0.068999999999952
"1262",95.5923333333333
"1263",83.6566666666667
"1264",96.1466666666667
"1265",65.42
"1266",75.1466666666667
"1267",92.3936666666667
"1268",87.4766666666667
"1269",84.5866666666667
"1270",78.639
"1271",92.588
"1272",96.2653333333333
"1273",88.2033333333334
"1274",60.342
"1275",74.829
"1276",90.295
"1277",93.1656666666667
"1278",0.0119999999999334
"1279",87.3103333333333
"1280",66.979
"1281",92.9056666666667
"1282",95.9786666666667
"1283",87.4136666666667
"1284",90.9433333333333
"1285",93.875
"1286",90.963
"1287",85.05
"1288",95.6836666666667
"1289",96.258
"1290",83.1173333333333
"1291",90.5723333333333
"1292",86.3196666666667
"1293",85.9026666666667
"1294",93.8386666666667
"1295",88.2266666666667
"1296",90.968
"1297",97.552
"1298",91.482
"1299",62.0633333333333
"1300",87.8006666666667
"1301",95.065
"1302",70.621
"1303",88.8423333333333
"1304",88.38
"1305",81.2596666666667
"1306",71.8476666666667
"1307",86.619
"1308",98.0336666666667
"1309",81.3686666666667
"1310",82.1646666666667
"1311",84.7193333333333
"1312",97.2523333333333
"1313",77.7326666666667
"1314",87.3736666666667
"1315",85.023
"1316",89.0143333333333
"1317",96.399
"1318",77.8686666666667
"1319",84.1993333333333
"1320",91.4213333333334
"1321",95.2356666666667
"1322",1.72499999999993
"1323",95.3433333333333
"1324",79.0893333333333
"1325",94.5626666666667
"1326",83.2876666666667
"1327",92.288
"1328",96.0513333333333
"1329",94.2103333333333
"1330",97.3153333333333
"1331",93.8066666666667
"1332",92.8983333333333
"1333",86.5946666666667
"1334",92.4073333333333
"1335",83.1383333333333
"1336",87.5166666666667
"1337",76.8273333333333
"1338",68.3413333333333
"1339",85.8813333333333
"1340",82.6333333333333
"1341",86.0466666666667
"1342",93.8213333333334
"1343",84.1813333333333
"1344",94.6733333333333
"1345",75.356
"1346",97.29
"1347",89.204
"1348",90.2983333333333
"1349",75.5803333333333
"1350",92.7
"1351",95.7106666666667
"1352",92.687
"1353",79.3763333333333
"1354",84.651
"1355",85.3636666666667
"1356",97.3906666666667
"1357",65.9406666666667
"1358",94.1883333333333
"1359",90.9703333333333
"1360",84.2666666666667
"1361",78.311
"1362",93.7363333333333
"1363",81.0743333333333
"1364",93.359
"1365",82.7956666666667
"1366",75.745
"1367",92.37
"1368",90.9946666666667
"1369",83.5863333333334
"1370",78.236
"1371",76.713
"1372",81.6636666666667
"1373",85.932
"1374",92.2236666666667
"1375",62.2326666666667
"1376",87.4786666666667
"1377",96.999
"1378",93.456
"1379",69.254
"1380",90.9566666666667
"1381",88.3576666666667
"1382",92.0853333333334
"1383",92.6083333333333
"1384",-7.41806616133545e-14
"1385",77.5096666666667
"1386",97.845
"1387",83.5316666666667
"1388",84.4
"1389",82.2103333333333
"1390",92.7573333333333
"1391",85.2406666666667
"1392",75.473
"1393",94.538
"1394",78.1216666666667
"1395",90.528
"1396",91.158
"1397",83.608
"1398",78.0816666666667
"1399",76.4323333333333
"1400",67.2066666666667
"1401",90.8633333333333
"1402",84.0796666666667
"1403",90.6943333333333
"1404",83.3923333333333
"1405",90.9053333333333
"1406",91.847
"1407",87.3666666666667
"1408",90.0426666666667
"1409",95.69
"1410",-1.10844666778576e-13
"1411",92.5043333333333
"1412",90.4216666666667
"1413",71.79
"1414",87.5753333333333
"1415",90.8
"1416",81.6093333333333
"1417",77.0123333333333
"1418",95.218
"1419",95.1626666666667
"1420",94.922
"1421",82.8026666666667
"1422",92.2746666666667
"1423",90.3106666666667
"1424",93.6146666666667
"1425",89.9006666666667
"1426",92.491
"1427",90.1236666666667
"1428",91.5196666666667
"1429",91.9993333333333
"1430",82.1043333333333
"1431",94.9123333333333
"1432",90.9483333333333
"1433",86.912
"1434",95.462
"1435",93.5813333333333
"1436",88.1473333333333
"1437",-1.03739239420975e-13
"1438",77.3533333333333
"1439",92.849
"1440",89.7046666666667
"1441",93.5653333333333
"1442",91.3016666666667
"1443",92.955
"1444",88.838
"1445",71.706
"1446",77.593
"1447",0.109999999999961
"1448",95.7876666666667
"1449",65.8573333333333
"1450",84.7046666666667
"1451",97.5766666666667
"1452",93.3103333333333
"1453",94.7216666666667
"1454",95.8893333333333
"1455",76.9076666666667
"1456",86.6086666666667
"1457",85.7783333333334
"1458",92.8086666666667
"1459",92.1543333333333
"1460",81.9446666666667
"1461",88.7796666666667
"1462",89.788
"1463",93.661
"1464",71.1513333333333
"1465",94.4316666666667
"1466",86.9503333333333
"1467",92.0113333333333
"1468",87.0983333333333
"1469",91.1886666666667
"1470",91.8766666666667
"1471",93.811
"1472",95.6
"1473",97.2103333333333
"1474",96.3296666666667
"1475",96.968
"1476",89.6656666666667
"1477",94.4013333333333
"1478",78.6506666666667
"1479",94.539
"1480",91.5626666666667
"1481",92.484
"1482",97.2986666666667
"1483",78.8603333333333
"1484",89.055
"1485",85.6886666666666
"1486",87.7956666666667
"1487",90.4633333333333
"1488",88.5206666666667
"1489",81.2603333333333
"1490",78.3023333333333
"1491",90.927
"1492",72.121
"1493",85.6406666666667
"1494",90.035
"1495",81.7323333333333
"1496",80.975
"1497",75.851
"1498",62.1326666666667
"1499",-9.60653778747655e-14
"1500",91.1303333333333
"1501",77.6583333333333
"1502",85.056
"1503",94.147
"1504",93.76
"1505",77.4626666666667
"1506",94.4263333333333
"1507",66.9573333333333
"1508",89.1386666666667
"1509",95.554
"1510",87.2173333333334
"1511",80.1056666666667
"1512",80.7103333333333
"1513",83.9403333333333
"1514",89.4346666666667
"1515",82.4516666666667
"1516",93.8676666666667
"1517",84.002
"1518",97.3033333333333
"1519",65.5926666666667
"1520",80.5813333333333
"1521",0.175999999999959
"1522",92.905
"1523",0.0649999999999534
"1524",89.755
"1525",93.1763333333333
"1526",97.8676666666667
"1527",80.515
"1528",91.6306666666667
"1529",88.9536666666667
"1530",90.0406666666667
"1531",88.121
"1532",95.3926666666667
"1533",79.8726666666667
"1534",84.566
"1535",90.4476666666667
"1536",71.2066666666667
"1537",84.687
"1538",93.437
"1539",92.478
"1540",65.3683333333334
"1541",94.3713333333333
"1542",91.763
"1543",92.443
"1544",73.449
"1545",77.8543333333333
"1546",58.8416666666667
"1547",88.7903333333334
"1548",0.0266666666666117
"1549",93.9153333333334
"1550",97.7343333333333
"1551",87.5166666666667
"1552",81.8773333333333
"1553",97.6406666666667
"1554",93.5776666666667
"1555",76.946
"1556",94.939
"1557",80.8386666666667
"1558",73.0786666666667
"1559",84.9746666666667
"1560",91.4796666666667
"1561",80.817
"1562",92.522
"1563",86.4096666666667
"1564",92.6296666666667
"1565",77.6593333333333
"1566",86.5363333333333
"1567",76.4053333333333
"1568",92.5733333333333
"1569",86.521
"1570",93.6743333333333
"1571",96.7393333333333
"1572",90.2616666666667
"1573",93.6193333333333
"1574",88.7043333333333
"1575",78.376
"1576",91.8916666666667
"1577",80.8933333333333
"1578",67.7403333333333
"1579",83.9136666666667
"1580",93.243
"1581",77.571
"1582",82.368
"1583",-9.80548975348938e-14
"1584",77.2206666666667
"1585",90.771
"1586",89.2446666666667
"1587",85.7123333333333
"1588",84.0496666666667
"1589",88.0206666666667
"1590",78.6866666666667
"1591",74.1216666666667
"1592",74.0443333333333
"1593",87.0916666666667
"1594",80.1343333333333
"1595",96.8783333333333
"1596",94.213
"1597",77.321
"1598",89.2046666666667
"1599",91.5873333333333
"1600",90.473
"1601",76.263
"1602",93.388
"1603",84.6093333333333
"1604",86.3106666666667
"1605",76.9486666666667
"1606",88.6
"1607",96.3346666666666
"1608",90.443
"1609",82.6213333333333
"1610",84.9566666666667
"1611",94.8926666666667
"1612",90.3266666666667
"1613",96.2026666666667
"1614",79.1976666666667
"1615",76.897
"1616",95.8513333333333
"1617",84.3696666666667
"1618",93.2203333333333
"1619",94.8793333333333
"1620",80.6916666666666
"1621",81.347
"1622",92.157
"1623",93.2286666666667
"1624",67.4633333333334
"1625",90.754
"1626",69.119
"1627",92.736
"1628",85.0643333333333
"1629",89.9526666666667
"1630",76.589
"1631",89.401
"1632",89.5626666666667
"1633",71.2386666666667
"1634",91.4386666666667
"1635",83.9693333333333
"1636",81.8883333333333
"1637",92.7906666666667
"1638",91.375
"1639",97.46
"1640",93.8143333333333
"1641",92.038
"1642",85.7903333333333
"1643",79.022
"1644",92.7273333333333
"1645",92.593
"1646",92.0576666666667
"1647",90.8703333333333
"1648",84.6373333333333
"1649",96.9106666666667
"1650",88.4396666666667
"1651",90.3836666666667
"1652",74.0463333333334
"1653",89.825
"1654",73.1233333333333
"1655",85.5183333333333
"1656",72.069
"1657",91.7963333333333
"1658",91.5276666666667
"1659",92.5416666666667
"1660",56.2293333333333
"1661",98.011
"1662",90.3036666666667
"1663",84.4663333333333
"1664",77.0706666666667
"1665",88.3736666666667
"1666",80.5216666666667
"1667",91.2173333333333
"1668",98.221
"1669",90.298
"1670",94.7083333333333
"1671",71.881
"1672",83.854
"1673",77.526
"1674",96.5353333333333
"1675",93.046
"1676",91.7516666666667
"1677",95.286
"1678",82.041
"1679",83.5923333333333
"1680",98.1026666666667
"1681",83.1936666666666
"1682",95.698
"1683",-8.72546479513403e-14
"1684",87.493
"1685",89.9256666666667
"1686",-1.03170805232367e-13
"1687",82.798
"1688",89.2576666666667
"1689",88.466
"1690",93.8073333333333
"1691",88.693
"1692",92.798
"1693",89.861
"1694",90.3223333333333
"1695",82.7316666666667
"1696",87.6053333333333
"1697",94.5816666666667
"1698",84.5123333333333
"1699",75.65
"1700",93.1113333333333
"1701",92.9643333333333
"1702",94.861
"1703",96.7016666666667
"1704",95.7223333333334
"1705",-8.32756086310837e-14
"1706",84.041
"1707",64.321
"1708",65.789
"1709",87.395
"1710",93.53
"1711",88.641
"1712",80.408
"1713",92.305
"1714",61.6383333333333
"1715",89.1996666666667
"1716",74.052
"1717",96.695
"1718",97.4716666666667
"1719",94.3786666666667
"1720",87.529
"1721",83.071
"1722",83.4503333333333
"1723",76.527
"1724",95.0076666666667
"1725",81.0366666666667
"1726",92.1923333333333
"1727",90.25
"1728",95.0536666666667
"1729",71.8896666666667
"1730",82.6713333333333
"1731",95.436
"1732",96.9116666666667
"1733",85.4703333333333
"1734",0.0809999999999619
"1735",94.0803333333334
"1736",80.6353333333333
"1737",94.117
"1738",83.6293333333333
"1739",92.2203333333333
"1740",75.0196666666667
"1741",79.449
"1742",94.4226666666667
"1743",61.237
"1744",85.9283333333333
"1745",76.414
"1746",98.608
"1747",91.4133333333333
"1748",81.3696666666667
"1749",78.9776666666667
"1750",80.5196666666667
"1751",91.7713333333333
"1752",85.0476666666667
"1753",92.5763333333333
"1754",89.7376666666667
"1755",79.4733333333333
"1756",-8.29913915367797e-14
"1757",90.265
"1758",97.7223333333333
"1759",96.782
"1760",65.703
"1761",85.6796666666666
"1762",90.452
"1763",90.6783333333333
"1764",92.955
"1765",89.7696666666667
"1766",62.4206666666667
"1767",-7.04858393874019e-14
"1768",95.447
"1769",97.524
"1770",95.29
"1771",78.3163333333333
"1772",71.5293333333333
"1773",75.2556666666667
"1774",92.6263333333333
"1775",71.6006666666667
"1776",96.0983333333333
"1777",93.8443333333333
"1778",76.5036666666667
"1779",86.2736666666667
"1780",75.2583333333333
"1781",86.498
"1782",90.7773333333334
"1783",89.0763333333333
"1784",78.487
"1785",86.8553333333333
"1786",85.8266666666667
"1787",73.715
"1788",84.3753333333333
"1789",88.6576666666667
"1790",97.8853333333333
"1791",89.5086666666667
"1792",94.299
"1793",94.2576666666667
"1794",86.4
"1795",96.7613333333333
"1796",91.845
"1797",88.3106666666667
"1798",95.077
"1799",84.663
"1800",97.3146666666667
"1801",93.959
"1802",97.9903333333333
"1803",89.46
"1804",87.035
"1805",79.57
"1806",88.5216666666667
"1807",98.51
"1808",89.6573333333333
"1809",89.0003333333333
"1810",92.554
"1811",91.9643333333333
"1812",83.3106666666667
"1813",98.2396666666667
"1814",98.0203333333333
"1815",96.253
"1816",88.593
"1817",96.9493333333333
"1818",90.7113333333333
"1819",94.4563333333333
"1820",95.5563333333334
"1821",85.3493333333333
"1822",78.6926666666666
"1823",88.43
"1824",82.4163333333333
"1825",88.5053333333333
"1826",84.851
"1827",75.8483333333333
"1828",95.1653333333333
"1829",81.2113333333333
"1830",93.8713333333334
"1831",93.0156666666667
"1832",85.5986666666667
"1833",96.589
"1834",88.3723333333333
"1835",79.8136666666667
"1836",86.6013333333333
"1837",97.6863333333333
"1838",83.3613333333333
"1839",88.318
"1840",88.3576666666667
"1841",85.637
"1842",82.373
"1843",70.9063333333333
"1844",75.5996666666667
"1845",84.4146666666667
"1846",80.6903333333333
"1847",97.8566666666667
"1848",90.6886666666666
"1849",-7.90123522165231e-14
"1850",87.7986666666667
"1851",91.8566666666667
"1852",94.6816666666667
"1853",83.8566666666667
"1854",76.772
"1855",93.5553333333334
"1856",64.018
"1857",77.3753333333333
"1858",85.9616666666667
"1859",96.2496666666667
"1860",93.6056666666667
"1861",82.64
"1862",97.219
"1863",85.4106666666667
"1864",91.186
"1865",89.638
"1866",76.6163333333333
"1867",97.5993333333333
"1868",88.3556666666667
"1869",88.3463333333333
"1870",90.5926666666667
"1871",82.8173333333333
"1872",96.535
"1873",92.7766666666667
"1874",87.0106666666667
"1875",87.7096666666667
"1876",94.559
"1877",91.5896666666667
"1878",78.4583333333333
"1879",81.4286666666667
"1880",90.32
"1881",83.2983333333333
"1882",84.269
"1883",94.438
"1884",84.6833333333333
"1885",83.8256666666667
"1886",92.5996666666666
"1887",85.926
"1888",92.9413333333333
"1889",75.7883333333333
"1890",97.4873333333333
"1891",-1.02318153949454e-13
"1892",85.188
"1893",86.046
"1894",95.0143333333333
"1895",89.079
"1896",91.2673333333333
"1897",88.7986666666667
"1898",97.8286666666666
"1899",86.765
"1900",89.627
"1901",77.0046666666667
"1902",94.3093333333333
"1903",95.4446666666667
"1904",86.5233333333334
"1905",81.775
"1906",81.054
"1907",97.1813333333334
"1908",-1.02602371043758e-13
"1909",90.8476666666667
"1910",88.9153333333333
"1911",96.3836666666667
"1912",92.348
"1913",80.759
"1914",94.0513333333333
"1915",97.1726666666667
"1916",91.1763333333333
"1917",95.584
"1918",93.4353333333333
"1919",94.1086666666667
"1920",93.1656666666667
"1921",96.0016666666667
"1922",82.0076666666667
"1923",87.35
"1924",92.8603333333333
"1925",85.718
"1926",97.895
"1927",97.453
"1928",-9.06652530829888e-14
"1929",89.5683333333334
"1930",91.7003333333333
"1931",91.575
"1932",67.214
"1933",-1.0061285138363e-13
"1934",85.4506666666667
"1935",91.2543333333333
"1936",75.52
"1937",93.4983333333333
"1938",71.3333333333333
"1939",81.7046666666667
"1940",94.103
"1941",92.889
"1942",84.3016666666667
"1943",96.76
"1944",88.1566666666667
"1945",84.2023333333333
"1946",82.9013333333333
"1947",81.065
"1948",95.714
"1949",98.158
"1950",91.1096666666667
"1951",95.6846666666667
"1952",96.9616666666667
"1953",1.70399999999994
"1954",91.677
"1955",90.0386666666667
"1956",73.463
"1957",84.4743333333333
"1958",76.515
"1959",95.5626666666666
"1960",84.584
"1961",80.4393333333333
"1962",86.765
"1963",94.6643333333333
"1964",95.048
"1965",83.872
"1966",81.8533333333333
"1967",92.7523333333333
"1968",88.0876666666666
"1969",97.0696666666667
"1970",76.6813333333334
"1971",97.3216666666667
"1972",88.466
"1973",77.7746666666667
"1974",79.7853333333333
"1975",89.5266666666667
"1976",97.8863333333333
"1977",83.7513333333333
"1978",76.154
"1979",83.636
"1980",97.734
"1981",83.5066666666667
"1982",90.658
"1983",90.2773333333333
"1984",95.1113333333333
"1985",90.6503333333333
"1986",84.6853333333333
"1987",92.5853333333333
"1988",95.9283333333333
"1989",94.2553333333333
"1990",76.9006666666667
"1991",92.211
"1992",93.5173333333333
"1993",0.00399999999991081
"1994",84.3603333333333
"1995",96.914
"1996",91.3083333333334
"1997",90.9083333333333
"1998",92.846
"1999",91.856
"2000",83.5413333333333
"2001",95.447
"2002",84.9616666666667
"2003",96.965
"2004",68.802
"2005",90.029
"2006",79.8646666666667
"2007",91.7596666666666
"2008",83.8656666666667
"2009",90.8516666666667
"2010",97.927
"2011",88.0406666666667
"2012",94.6706666666667
"2013",89.885
"2014",75.7093333333333
"2015",78.2133333333333
"2016",85.6406666666667
"2017",91.716
"2018",90.338
"2019",91.097
"2020",87.3263333333333
"2021",71.557
"2022",78.755
"2023",85.3773333333333
"2024",80.0223333333333
"2025",94.2313333333333
"2026",78.4696666666667
"2027",98.0473333333333
"2028",89.873
"2029",92.702
"2030",-1.04591890703887e-13
"2031",89.281
"2032",74.006
"2033",79.9683333333333
"2034",92.8916666666667
"2035",80.587
"2036",92.512
"2037",79.5436666666667
"2038",86.5133333333333
"2039",94.2376666666667
"2040",91.917
"2041",91.394
"2042",87.066
"2043",77.876
"2044",85.695
"2045",92.1
"2046",92.0796666666667
"2047",88.0346666666667
"2048",86.4753333333333
"2049",95.5486666666667
"2050",94.428
"2051",98.1766666666667
"2052",76.7346666666667
"2053",82.0183333333333
"2054",86.3943333333333
"2055",95.461
"2056",83.9333333333333
"2057",91.4223333333333
"2058",94.2863333333333
"2059",90.8366666666667
"2060",85.2393333333333
"2061",90.0066666666667
"2062",75.8276666666667
"2063",97.1876666666667
"2064",96.054
"2065",88.7016666666667
"2066",90.8456666666667
"2067",0.0239999999999199
"2068",78.1033333333333
"2069",84.316
"2070",89.6426666666667
"2071",77.785
"2072",93.552
"2073",83.7383333333334
"2074",92.921
"2075",82.533
"2076",90.2443333333333
"2077",65.488
"2078",85.272
"2079",86.632
"2080",93.2256666666667
"2081",84.9233333333333
"2082",91.272
"2083",-9.09494701772928e-14
"2084",91.3653333333333
"2085",60.6006666666667
"2086",97.4373333333333
"2087",72.251
"2088",80.2823333333333
"2089",81.908
"2090",60.7576666666667
"2091",91.6416666666667
"2092",94.5263333333333
"2093",76.988
"2094",90.8333333333333
"2095",95.934
"2096",90.4526666666667
"2097",88.196
"2098",77.3683333333333
"2099",84.1346666666667
"2100",89.6386666666667
"2101",92.5906666666667
"2102",67.7546666666667
"2103",63.007
"2104",87.46
"2105",85.4536666666667
"2106",89.404
"2107",88.204
"2108",83.7663333333333
"2109",95.2403333333334
"2110",92.3726666666667
"2111",90.057
"2112",86.4676666666667
"2113",75.9646666666667
"2114",82.328
"2115",88.336
"2116",95.404
"2117",92.2913333333333
"2118",81.7406666666667
"2119",97.8556666666667
"2120",86.9306666666667
"2121",76.8613333333333
"2122",93.2726666666667
"2123",96.6133333333333
"2124",88.9526666666667
"2125",72.1663333333333
"2126",93.5953333333333
"2127",73.7663333333333
"2128",97.818
"2129",-9.18021214602049e-14
"2130",91.269
"2131",78.6866666666667
"2132",92.0093333333333
"2133",64.0923333333334
"2134",93.264
"2135",97.482
"2136",88.299
"2137",89.606
"2138",95.4113333333333
"2139",86.1636666666667
"2140",86.8673333333333
"2141",94.6463333333333
"2142",95.2483333333333
"2143",92.362
"2144",96.558
"2145",90.5106666666667
"2146",92.5543333333333
"2147",87.9393333333333
"2148",93.0146666666667
"2149",91.344
"2150",83.3056666666667
"2151",63.031
"2152",83.3343333333333
"2153",97.327
"2154",87.8866666666667
"2155",97.371
"2156",89.1343333333333
"2157",87.754
"2158",94.5813333333333
"2159",85.6136666666666
"2160",84.2606666666667
"2161",95.8683333333333
"2162",77.1283333333333
"2163",93.4856666666666
"2164",73.361
"2165",79.081
"2166",67.6206666666667
"2167",84.284
"2168",92.2206666666667
"2169",-9.80548975348938e-14
"2170",88.8303333333333
"2171",95.702
"2172",89.9453333333334
"2173",0.0239999999999174
"2174",96.8443333333333
"2175",97.5743333333333
"2176",89.461
"2177",82.4676666666667
"2178",87.951
"2179",93.4876666666667
"2180",85.0516666666667
"2181",-1.0061285138363e-13
"2182",75.629
"2183",89.317
"2184",78.624
"2185",77.661
"2186",74.35
"2187",91.4403333333333
"2188",87.22
"2189",90.6483333333333
"2190",86.0603333333333
"2191",86.0783333333333
"2192",71.9446666666667
